Workbook

Sheet Cost Estimation & Budget
A1: A (WBS ID) | B1: B (Task Name) | C1: C (Assigned To) | D1: D (Duration Days) | E1: E (Unit Cost PKR/day) | F1: F (Qty = Person-Days) | G1: G (Subtotal PKR = E×F) | H1: H (Notes)
A2: 1.1.1 | B2: Project Charter & Stakeholder Analysis | C2: Ahmad Tashfeen | D2: 3 | E2: 2000 | F2: =D2 -> 3 | G2: =MULTIPLY(E2,F2) -> 6000 | H2: Initiation activity
A3: 1.1.2 | B3: High-Level Requirements & Feasibility | C3: Ahmad Tashfeen | D3: 3 | E3: 2000 | F3: =D3 -> 3 | G3: =MULTIPLY(E3,F3) -> 6000 | H3: Follows charter completion
A4: 1.1.3 | B4: Supervisor Review & Approval (M1) | C4: Supervisor | D4: 1 | E4: 1500 | F4: =D4 -> 1 | G4: =MULTIPLY(E4,F4) -> 1500 | H4: External dependency
A5: 1.2.1 | B5: Scope Statement & WBS Development | C5: Ahmad Tariq | D5: 3 | E5: 2000 | F5: =D5 -> 3 | G5: =MULTIPLY(E5,F5) -> 6000 | H5: After M1 approval
A6: 1.2.2 | B6: Schedule, Resource & Risk Planning | C6: Ahmad Tariq | D6: 3 | E6: 2000 | F6: =D6 -> 3 | G6: =MULTIPLY(E6,F6) -> 6000 | H6: Needs approved scope
A7: 1.2.3 | B7: Scope Management Plan | C7: Ahmad Tariq | D7: 2 | E7: 2000 | F7: =D7 -> 2 | G7: =MULTIPLY(E7,F7) -> 4000 | H7: Can overlap with 1.2.4
A8: 1.2.4 | B8: Dataset Acquisition & Cleaning | C8: Ahmad Tariq | D8: 3 | E8: 2000 | F8: =D8 -> 3 | G8: =MULTIPLY(E8,F8) -> 6000 | H8: Before model training
A9: 1.3.1 | B9: Sprint 1 – Model Design & Training | C9: Umer Qureshi | D9: 4 | E9: 2000 | F9: =D9 -> 4 | G9: =MULTIPLY(E9,F9) -> 8000 | H9: Initial ML prototype
A10: 1.3.2 | B10: Integration with Mock Bug Tracker UI | C10: Umer Qureshi | D10: 3 | E10: 2000 | F10: =D10 -> 3 | G10: =MULTIPLY(E10,F10) -> 6000 | H10: Post model stability
A11: 1.3.3 | B11: Review & Adjust (End Sprint 1) | C11: Umer Qureshi | D11: 3 | E11: 2000 | F11: =D11 -> 3 | G11: =MULTIPLY(E11,F11) -> 6000 | H11: Sprint 1 refinement
A12: 1.3.4 | B12: Sprint 2 – Refinement & Additions | C12: Umer Qureshi | D12: 5 | E12: 2000 | F12: =D12 -> 5 | G12: =MULTIPLY(E12,F12) -> 10000 | H12: Further model tuning
A13: 1.3.5 | B13: Sprint 2 – Testing & Feedback | C13: Umer Qureshi | D13: 5 | E13: 2000 | F13: =D13 -> 5 | G13: =MULTIPLY(E13,F13) -> 10000 | H13: QA and user feedback
... A16: 1.4.3 | B16: Supervisor Approval & Submission (M4) | C16: Supervisor | D16: 5 | E16: 1500 | F16: =D16 -> 5 | G16: =MULTIPLY(E16,F16) -> 7500 | H16: External final review
B17: Total Direct Cost | G17: =SUM(G2:G16) -> 103000
B18: Contingency (10%) | G18: =G17*0.1 -> 10300
B19: Total Budget (BAC) | G19: =G17+G18 -> 113300

Sheet EVM Assumptions & Inputs
A1: Label | B1: Value | C1: Notes
A2: BAC (Budget at Completion) | B2: ='Cost Estimation & Budget'!G19 -> 113300 | C2: BAC from Cost Estimation & Budget
A3: Planned % Complete (PV%) | B3: 0.6 | C3: 60% of work was planned to be done by now
A4: Actual % Complete (EV%) | B4: 0.45 | C4: 45% of work is actually completed
A5: Actual Cost (as % of BAC) | B5: 0.52 | C5: 52% of the total budget has been spent
A6: Planned Duration (days) | B6: 53 | C6: Total project duration from WBS
A7: Elapsed Time (months) | B7: 3 | C7: After 3 months of project progress
A8: Team Members | B8: Ahmad Tashfeen, Ahmad Tariq, Umer Qureshi
A9: Project Title | B9: Bug Triage AI Agent

Sheet EVM Calculations
A1: Metric | B1: Value | C1: Notes | D1: Interpretation
A2: BAC (PKR) | B2: ='EVM Assumptions & Inputs'!B2 -> 113300 | C2: Pulls Budget at Completion | D2: Total Budget
A3: PV (PKR) | B3: =B2 *'EVM Assumptions & Inputs'!B3 -> 67980 | C3: Planned Value = BAC × PV% | D3: Planned Value
A4: EV (PKR) | B4: =B2*'EVM Assumptions & Inputs'!B4 -> 50985 | C4: Earned Value = BAC × EV% | D4: Earned Value
A5: AC (PKR) | B5: =B2*'EVM Assumptions & Inputs'!B5 -> 58916 | C5: Actual Cost = BAC × AC% | D5: Actual Cost
A6: CV (PKR) | B6: =B4 - B5 -> -7931 | C6: Cost Variance = EV – AC | D6: Negative -> Over Budget
A7: SV (PKR) | B7: =B4-B3 -> -16995 | C7: Schedule Variance = EV – PV | D7: Negative -> Behind Schedule
A8: CPI | B8: =B4 / B5 -> 0.86538462 | C8: Cost Performance Index = EV ÷ AC | D8: <1 -> Cost Inefficiency
A9: SPI | B9: =B4 / B3 -> 0.75 | C9: Schedule Performance Index = EV ÷ PV | D9: <1 -> Schedule Delay
A10: EAC (PKR) | B10: =B2 / B8 -> 130924.44 | C10: Estimate at Completion = BAC ÷ CPI | D10: Project will cost more
A11: Planned Duration (days) | B11: ='EVM Assumptions & Inputs'!B6 -> 53 | C11: Planned project duration from WBS
A12: Planned Duration (months) | B12: =B11 / 30 -> 1.7666667 | C12: Approx. planned months
A13: Estimated Total Duration (months) | B13: =B12 / B9 -> 2.3555556 | C13: Adjusted for schedule performance (Planned ÷ SPI) | D13: Project may extend by 8-10 days
A14: Elapsed Months (assumed) | B14: ='EVM Assumptions & Inputs'!B7 -> 3 | C14: Time passed (given = 3 months)
A15: Estimated Remaining Months | B15: =MAX(B13 - B14, 0) -> 0 | C15: Remaining duration = total − elapsed

Sheet EV Chart Data
A1: Month | B1: PV (PKR) | C1: EV (PKR) | D1: AC (PKR) | E1: Notes
A2: 0 | B2: 0 | C2: 0 | D2: 0 | E2: Project start
A3: 1 | B3: =('EVM Calculations'!B3 / 3) * A3 -> 22660 | C3: =('EVM Calculations'!B4 / 3) * A3 -> 16995 | D3: =('EVM Calculations'!B5 / 3) * A3 -> 19638.667 | E3: End of Month 1
A4: 2 | B4: =('EVM Calculations'!B3 / 3) * A4 -> 45320 | C4: =('EVM Calculations'!B4 / 3) * A4 -> 33990 | D4: =('EVM Calculations'!B5 / 3) * A4 -> 39277.333 | E4: End of Month 2
A5: 3 | B5: ='EVM Calculations'!B3 -> 67980 | C5: ='EVM Calculations'!B4 -> 50985 | D5: ='EVM Calculations'!B5 -> 58916 | E5: End of Month 3 (current)
